Date,Predicted_AQI
2020-08-01,27.798028895686542
2020-08-02,144.20982944425074
2020-08-03,144.58254546128472
2020-08-04,10.0
2020-08-05,28.421180596356493
2020-08-06,10.0
2020-08-07,10.0
2020-08-08,25.7733122819792
2020-08-09,10.0
2020-08-10,63.49485248897878
2020-08-11,103.74909659224588
2020-08-12,49.642261425158296
2020-08-13,87.23434441484466
2020-08-14,158.80746125905114
2020-08-15,56.80638793663937
2020-08-16,10.0
2020-08-17,124.02150294182462
2020-08-18,125.43218047869007
2020-08-19,56.388867308048475
2020-08-20,156.92890104023041
2020-08-21,39.31391495067885
2020-08-22,37.97090718454349
2020-08-23,10.0
2020-08-24,113.98578523536445
2020-08-25,90.51993448080725
2020-08-26,123.4103395752944
2020-08-27,10.0
2020-08-28,80.64233052806577
2020-08-29,189.68748842153488
2020-08-30,112.99957408201752
